{"0,1": 1.0000000000000189, "1,1": 0.6850258175559415, "1,3": 0.9982788296041497, "2,1": 0.8149741824440718, "16,1": 0.6858864027538761, "16,3": 0.6127366609294319, "16,5": 0.588640275387262, "16,7": 0.46299483648880735, "16,9": 0.27280550774526463, "16,11": 0.9913941480206726, "17,1": 0.7117039586919153, "17,3": 0.8115318416523333, "18,1": 0.7349397590361505, "18,3": 0.8244406196213528, "19,1": 0.6419965576592096, "19,3": 0.7117039586919153, "19,5": 0.7478485370051701, "19,7": 0.7203098106712617, "19,9": 0.44406196213424654, "19,11": 0.3390705679862275, "19,13": 0.9827882960413262, "20,1": 0.6428571428571442, "20,3": 0.6841652323580069, "20,5": 0.7375215146299544, "20,7": 0.6772805507745298, "20,9": 0.4853700516351065, "20,11": 0.255593803786573, "20,13": 0.8528399311531959, "21,1": 0.6376936316695364, "21,3": 0.6669535283993141, "21,5": 0.6523235800344253, "21,7": 0.490533562822714, "21,9": 0.2693631669535263, "21,11": 0.2297762478485355, "21,13": 0.638554216867471, "21,15": 0.9845094664371955, "22,1": 0.6962134251290918, "22,3": 0.7719449225473399, "22,5": 0.8209982788296143, "23,1": 0.7271944922547388, "23,3": 0.8080895008605947, "24,1": 0.6299483648881247, "24,3": 0.5860585197934581, "24,5": 0.46385542168674193, "24,7": 0.34939759036144247, "24,9": 0.20912220309810553, "24,11": 0.18244406196213347, "24,13": 0.5430292598967262, "24,15": 0.9518072289156793, "25,1": 0.6368330464716018, "25,3": 0.5955249569707391, "25,5": 0.5327022375215106, "25,7": 0.4173838209982745, "25,9": 0.31067125645438626, "25,11": 0.5215146299483603, "25,13": 0.9208261617900323, "26,1": 0.6213425129087783, "26,3": 0.5946643717728045, "26,5": 0.560240963855419, "26,7": 0.5034423407917329, "26,9": 0.42943201376935863, "26,11": 0.3330464716006854, "26,13": 0.23407917383820842, "26,15": 0.19363166953528305, "26,17": 0.3046471600688442, "26,19": 0.5516351118760726, "27,1": 0.660068846815837, "27,3": 0.5636833046471575, "27,5": 0.541308089500857, "27,7": 0.480206540447499, "27,9": 0.4199655765920782, "27,11": 0.31583476764199375, "27,13": 0.3175559380378629, "27,15": 0.5215146299483603, "27,17": 0.8416523235800456, "28,1": 0.6084337349397587, "28,3": 0.5808950086058503, "28,5": 0.5146299483648832, "28,7": 0.43459552495696613, "28,9": 0.4027538726333866, "28,11": 0.33476764199655457, "28,13": 0.2444061962134234, "28,15": 0.21772805507745135, "28,17": 0.2547332185886384, "28,19": 0.4199655765920782, "29,1": 0.6480206540447521, "29,3": 0.5946643717728045, "29,5": 0.5808950086058503, "29,7": 0.5654044750430268, "29,9": 0.5395869191049877, "29,11": 0.5215146299483603, "29,13": 0.4759036144578261, "29,15": 0.4561101549053307, "29,17": 0.4010327022375174, "29,19": 0.3623063683304612, "30,1": 0.6454388984509482, "30,3": 0.638554216867471, "30,5": 0.6256454388984515, "30,7": 0.6161790017211705, "30,9": 0.6041308089500855, "30,11": 0.5679862306368307, "30,13": 0.5567986230636804, "30,15": 0.5550774526678112, "30,17": 0.5430292598967262, "30,19": 0.5094664371772754, "31,1": 0.6256454388984515, "31,3": 0.6282271944922554, "31,5": 0.6032702237521509, "31,7": 0.600688468158347, "31,9": 0.5679862306368307, "31,11": 0.5542168674698765, "31,13": 0.5430292598967262, "31,15": 0.5086058519793407, "31,17": 0.5043029259896675, "31,19": 0.4939759036144523}